{"cameraMode":{"drawMode":0,"name":"Shaded","section":"Shading Mode"},"sceneLighting":false,"audioPlay":false,"sceneViewState":{"m_AlwaysRefresh":false,"showFog":true,"showSkybox":false,"showFlares":true,"showImageEffects":true,"showParticleSystems":true,"showVisualEffectGraphs":true,"m_FxEnabled":true},"in2DMode":false,"pivot":{"x":0.24877123534679414,"y":-0.04649791494011879,"z":0.367179274559021},"rotation":{"x":0.026314446702599527,"y":0.9666844010353088,"z":-0.22920958697795869,"w":0.1109757125377655},"size":1.4967594146728516,"orthographic":false}