{"cameraMode":{"drawMode":0,"name":"Shaded","section":"Shading Mode"},"sceneLighting":true,"audioPlay":false,"sceneViewState":{"m_AlwaysRefresh":false,"showFog":true,"showSkybox":true,"showFlares":true,"showImageEffects":true,"showParticleSystems":true,"showVisualEffectGraphs":true,"m_FxEnabled":true},"in2DMode":false,"pivot":{"x":2.229339122772217,"y":-3.353536367416382,"z":-1.5141067504882813},"rotation":{"x":-0.055776793509721759,"y":0.01257748156785965,"z":-0.0007028424879536033,"w":-0.9983735084533691},"size":11.441534996032715,"orthographic":false}