{"cameraMode":{"drawMode":0,"name":"Shaded","section":"Shading Mode"},"sceneLighting":true,"audioPlay":false,"sceneViewState":{"m_AlwaysRefresh":false,"showFog":true,"showSkybox":true,"showFlares":true,"showImageEffects":true,"showParticleSystems":true,"showVisualEffectGraphs":true,"m_FxEnabled":true},"in2DMode":false,"pivot":{"x":634.5814208984375,"y":266.53045654296877,"z":20.47098159790039},"rotation":{"x":-0.07224563509225846,"y":-0.008381642401218415,"z":0.0006087719229981303,"w":-0.9973655939102173},"size":335.15093994140627,"orthographic":false}