{"cameraMode":{"drawMode":0,"name":"Shaded","section":"Shading Mode"},"sceneLighting":true,"audioPlay":false,"sceneViewState":{"m_AlwaysRefresh":false,"showFog":true,"showSkybox":true,"showFlares":true,"showImageEffects":true,"showParticleSystems":true,"showVisualEffectGraphs":true,"m_FxEnabled":true},"in2DMode":false,"pivot":{"x":0.8469091653823853,"y":1.581477165222168,"z":-0.26074790954589846},"rotation":{"x":-0.0024638043250888588,"y":0.9900986552238464,"z":-0.13933467864990235,"w":-0.017526643350720407},"size":3.1619625091552736,"orthographic":false}