{"cameraMode":{"drawMode":0,"name":"Shaded","section":"Shading Mode"},"sceneLighting":true,"audioPlay":false,"sceneViewState":{"m_AlwaysRefresh":false,"showFog":true,"showSkybox":true,"showFlares":true,"showImageEffects":true,"showParticleSystems":true,"showVisualEffectGraphs":true,"m_FxEnabled":true},"in2DMode":false,"pivot":{"x":397.7405700683594,"y":220.490478515625,"z":17.74591064453125},"rotation":{"x":-0.07224563509225846,"y":-0.008381642401218415,"z":0.0006087719229981303,"w":-0.9973655939102173},"size":277.5123596191406,"orthographic":false}