{"cameraMode":{"drawMode":0,"name":"Shaded","section":"Shading Mode"},"sceneLighting":false,"audioPlay":false,"sceneViewState":{"m_AlwaysRefresh":false,"showFog":true,"showSkybox":false,"showFlares":true,"showImageEffects":true,"showParticleSystems":true,"showVisualEffectGraphs":true,"m_FxEnabled":true},"in2DMode":false,"pivot":{"x":-0.002499997615814209,"y":-0.16399997472763062,"z":0.018000036478042604},"rotation":{"x":-0.006309635005891323,"y":-0.000902780971955508,"z":0.000006006415333104087,"w":-0.9999892711639404},"size":3.1372807025909426,"orthographic":false}